threshold,TN,FP,FN,TP,precision,recall,f1,validation_projects,num_validation_tests,target_project,selected_threshold,selected_source_selection_top_k
0.3,1672,450,51,171,0.2753623188405797,0.7702702702702703,0.40569395017793597,"elastic-job-lite,handlebars.java,hbase,hector,http-request,httpcore",2344,commons-exec,0.3,6
0.35,1674,448,70,152,0.25333333333333335,0.6846846846846847,0.3698296836982969,"elastic-job-lite,handlebars.java,hbase,hector,http-request,httpcore",2344,commons-exec,0.3,6
0.4,1675,447,86,136,0.2332761578044597,0.6126126126126126,0.33788819875776394,"elastic-job-lite,handlebars.java,hbase,hector,http-request,httpcore",2344,commons-exec,0.3,6
0.45,1678,444,107,115,0.20572450805008943,0.5180180180180181,0.29449423815621,"elastic-job-lite,handlebars.java,hbase,hector,http-request,httpcore",2344,commons-exec,0.3,6
0.5,1683,439,119,103,0.1900369003690037,0.46396396396396394,0.2696335078534031,"elastic-job-lite,handlebars.java,hbase,hector,http-request,httpcore",2344,commons-exec,0.3,6
0.55,1688,434,130,92,0.17490494296577946,0.4144144144144144,0.24598930481283424,"elastic-job-lite,handlebars.java,hbase,hector,http-request,httpcore",2344,commons-exec,0.3,6
0.6,1691,431,134,88,0.16955684007707128,0.3963963963963964,0.23751686909581649,"elastic-job-lite,handlebars.java,hbase,hector,http-request,httpcore",2344,commons-exec,0.3,6
0.65,1706,416,141,81,0.16297786720321933,0.36486486486486486,0.22531293463143257,"elastic-job-lite,handlebars.java,hbase,hector,http-request,httpcore",2344,commons-exec,0.3,6
0.7,1713,409,144,78,0.1601642710472279,0.35135135135135137,0.22002820874471085,"elastic-job-lite,handlebars.java,hbase,hector,http-request,httpcore",2344,commons-exec,0.3,6
0.75,1735,387,156,66,0.1456953642384106,0.2972972972972973,0.19555555555555554,"elastic-job-lite,handlebars.java,hbase,hector,http-request,httpcore",2344,commons-exec,0.3,6
0.8,1773,349,173,49,0.12311557788944724,0.22072072072072071,0.15806451612903225,"elastic-job-lite,handlebars.java,hbase,hector,http-request,httpcore",2344,commons-exec,0.3,6
0.85,1803,319,180,42,0.11634349030470914,0.1891891891891892,0.14408233276157803,"elastic-job-lite,handlebars.java,hbase,hector,http-request,httpcore",2344,commons-exec,0.3,6
0.9,1878,244,194,28,0.10294117647058823,0.12612612612612611,0.11336032388663966,"elastic-job-lite,handlebars.java,hbase,hector,http-request,httpcore",2344,commons-exec,0.3,6
0.3,1013,260,122,50,0.16129032258064516,0.29069767441860467,0.20746887966804978,"alluxio,commons-exec,elastic-job-lite,handlebars.java,hector,http-request",1445,hbase,0.9,6
0.35,1065,208,123,49,0.19066147859922178,0.28488372093023256,0.22843822843822842,"alluxio,commons-exec,elastic-job-lite,handlebars.java,hector,http-request",1445,hbase,0.9,6
0.4,1068,205,123,49,0.19291338582677164,0.28488372093023256,0.23004694835680753,"alluxio,commons-exec,elastic-job-lite,handlebars.java,hector,http-request",1445,hbase,0.9,6
0.45,1089,184,123,49,0.21030042918454936,0.28488372093023256,0.24197530864197533,"alluxio,commons-exec,elastic-job-lite,handlebars.java,hector,http-request",1445,hbase,0.9,6
0.5,1095,178,124,48,0.21238938053097345,0.27906976744186046,0.24120603015075376,"alluxio,commons-exec,elastic-job-lite,handlebars.java,hector,http-request",1445,hbase,0.9,6
0.55,1095,178,126,46,0.20535714285714285,0.26744186046511625,0.23232323232323232,"alluxio,commons-exec,elastic-job-lite,handlebars.java,hector,http-request",1445,hbase,0.9,6
0.6,1096,177,127,45,0.20270270270270271,0.2616279069767442,0.22842639593908629,"alluxio,commons-exec,elastic-job-lite,handlebars.java,hector,http-request",1445,hbase,0.9,6
0.65,1109,164,128,44,0.21153846153846154,0.2558139534883721,0.23157894736842105,"alluxio,commons-exec,elastic-job-lite,handlebars.java,hector,http-request",1445,hbase,0.9,6
0.7,1111,162,134,38,0.19,0.22093023255813954,0.20430107526881722,"alluxio,commons-exec,elastic-job-lite,handlebars.java,hector,http-request",1445,hbase,0.9,6
0.75,1137,136,135,37,0.2138728323699422,0.21511627906976744,0.21449275362318843,"alluxio,commons-exec,elastic-job-lite,handlebars.java,hector,http-request",1445,hbase,0.9,6
0.8,1140,133,137,35,0.20833333333333334,0.20348837209302326,0.20588235294117646,"alluxio,commons-exec,elastic-job-lite,handlebars.java,hector,http-request",1445,hbase,0.9,6
0.85,1177,96,137,35,0.26717557251908397,0.20348837209302326,0.23102310231023102,"alluxio,commons-exec,elastic-job-lite,handlebars.java,hector,http-request",1445,hbase,0.9,6
0.9,1251,22,142,30,0.5769230769230769,0.1744186046511628,0.26785714285714285,"alluxio,commons-exec,elastic-job-lite,handlebars.java,hector,http-request",1445,hbase,0.9,6
0.3,1691,387,135,55,0.1244343891402715,0.2894736842105263,0.17405063291139242,"commons-exec,elastic-job-lite,handlebars.java,hbase,http-request,httpcore",2268,hector,0.3,6
0.35,1693,385,147,43,0.10046728971962617,0.22631578947368422,0.13915857605177992,"commons-exec,elastic-job-lite,handlebars.java,hbase,http-request,httpcore",2268,hector,0.3,6
0.4,1694,384,155,35,0.08353221957040573,0.18421052631578946,0.1149425287356322,"commons-exec,elastic-job-lite,handlebars.java,hbase,http-request,httpcore",2268,hector,0.3,6
0.45,1697,381,157,33,0.07971014492753623,0.1736842105263158,0.10927152317880794,"commons-exec,elastic-job-lite,handlebars.java,hbase,http-request,httpcore",2268,hector,0.3,6
0.5,1699,379,159,31,0.07560975609756097,0.1631578947368421,0.10333333333333333,"commons-exec,elastic-job-lite,handlebars.java,hbase,http-request,httpcore",2268,hector,0.3,6
0.55,1707,371,163,27,0.0678391959798995,0.14210526315789473,0.09183673469387754,"commons-exec,elastic-job-lite,handlebars.java,hbase,http-request,httpcore",2268,hector,0.3,6
0.6,1713,365,169,21,0.054404145077720206,0.11052631578947368,0.07291666666666667,"commons-exec,elastic-job-lite,handlebars.java,hbase,http-request,httpcore",2268,hector,0.3,6
0.65,1716,362,172,18,0.04736842105263158,0.09473684210526316,0.06315789473684211,"commons-exec,elastic-job-lite,handlebars.java,hbase,http-request,httpcore",2268,hector,0.3,6
0.7,1723,355,172,18,0.04825737265415549,0.09473684210526316,0.06394316163410302,"commons-exec,elastic-job-lite,handlebars.java,hbase,http-request,httpcore",2268,hector,0.3,6
0.75,1735,343,172,18,0.04986149584487535,0.09473684210526316,0.06533575317604355,"commons-exec,elastic-job-lite,handlebars.java,hbase,http-request,httpcore",2268,hector,0.3,6
0.8,1758,320,172,18,0.05325443786982249,0.09473684210526316,0.06818181818181818,"commons-exec,elastic-job-lite,handlebars.java,hbase,http-request,httpcore",2268,hector,0.3,6
0.85,1820,258,172,18,0.06521739130434782,0.09473684210526316,0.07725321888412016,"commons-exec,elastic-job-lite,handlebars.java,hbase,http-request,httpcore",2268,hector,0.3,6
0.9,1907,171,173,17,0.09042553191489362,0.08947368421052632,0.08994708994708997,"commons-exec,elastic-job-lite,handlebars.java,hbase,http-request,httpcore",2268,hector,0.3,6
0.3,5912,73,86,37,0.33636363636363636,0.3008130081300813,0.3175965665236052,"activiti,ambari,elastic-job-lite,handlebars.java,httpcore,incubator-dubbo",6108,assertj-core,0.3,6
0.35,5916,69,92,31,0.31,0.25203252032520324,0.2780269058295964,"activiti,ambari,elastic-job-lite,handlebars.java,httpcore,incubator-dubbo",6108,assertj-core,0.3,6
0.4,5920,65,97,26,0.2857142857142857,0.21138211382113822,0.24299065420560748,"activiti,ambari,elastic-job-lite,handlebars.java,httpcore,incubator-dubbo",6108,assertj-core,0.3,6
0.45,5925,60,100,23,0.27710843373493976,0.18699186991869918,0.2233009708737864,"activiti,ambari,elastic-job-lite,handlebars.java,httpcore,incubator-dubbo",6108,assertj-core,0.3,6
0.5,5937,48,102,21,0.30434782608695654,0.17073170731707318,0.21875,"activiti,ambari,elastic-job-lite,handlebars.java,httpcore,incubator-dubbo",6108,assertj-core,0.3,6
0.55,5943,42,103,20,0.3225806451612903,0.16260162601626016,0.21621621621621623,"activiti,ambari,elastic-job-lite,handlebars.java,httpcore,incubator-dubbo",6108,assertj-core,0.3,6
0.6,5951,34,104,19,0.3584905660377358,0.15447154471544716,0.2159090909090909,"activiti,ambari,elastic-job-lite,handlebars.java,httpcore,incubator-dubbo",6108,assertj-core,0.3,6
0.65,5962,23,104,19,0.4523809523809524,0.15447154471544716,0.2303030303030303,"activiti,ambari,elastic-job-lite,handlebars.java,httpcore,incubator-dubbo",6108,assertj-core,0.3,6
0.7,5966,19,105,18,0.4864864864864865,0.14634146341463414,0.22499999999999998,"activiti,ambari,elastic-job-lite,handlebars.java,httpcore,incubator-dubbo",6108,assertj-core,0.3,6
0.75,5967,18,105,18,0.5,0.14634146341463414,0.22641509433962262,"activiti,ambari,elastic-job-lite,handlebars.java,httpcore,incubator-dubbo",6108,assertj-core,0.3,6
0.8,5972,13,105,18,0.5806451612903226,0.14634146341463414,0.23376623376623376,"activiti,ambari,elastic-job-lite,handlebars.java,httpcore,incubator-dubbo",6108,assertj-core,0.3,6
0.85,5980,5,105,18,0.782608695652174,0.14634146341463414,0.2465753424657534,"activiti,ambari,elastic-job-lite,handlebars.java,httpcore,incubator-dubbo",6108,assertj-core,0.3,6
0.9,5982,3,115,8,0.7272727272727273,0.06504065040650407,0.11940298507462688,"activiti,ambari,elastic-job-lite,handlebars.java,httpcore,incubator-dubbo",6108,assertj-core,0.3,6
0.3,1497,179,167,182,0.5041551246537396,0.5214899713467048,0.5126760563380282,"ambari,hbase,hector,http-request,okhttp,undertow",2025,alluxio,0.3,6
0.35,1526,150,184,165,0.5238095238095238,0.47277936962750716,0.4969879518072289,"ambari,hbase,hector,http-request,okhttp,undertow",2025,alluxio,0.3,6
0.4,1541,135,190,159,0.5408163265306123,0.45558739255014324,0.49455676516329705,"ambari,hbase,hector,http-request,okhttp,undertow",2025,alluxio,0.3,6
0.45,1569,107,206,143,0.572,0.40974212034383956,0.47746243739565947,"ambari,hbase,hector,http-request,okhttp,undertow",2025,alluxio,0.3,6
0.5,1590,86,214,135,0.6108597285067874,0.3868194842406877,0.4736842105263158,"ambari,hbase,hector,http-request,okhttp,undertow",2025,alluxio,0.3,6
0.55,1609,67,221,128,0.6564102564102564,0.3667621776504298,0.47058823529411764,"ambari,hbase,hector,http-request,okhttp,undertow",2025,alluxio,0.3,6
0.6,1624,52,232,117,0.6923076923076923,0.335243553008596,0.4517374517374517,"ambari,hbase,hector,http-request,okhttp,undertow",2025,alluxio,0.3,6
0.65,1632,44,236,113,0.7197452229299363,0.3237822349570201,0.44664031620553357,"ambari,hbase,hector,http-request,okhttp,undertow",2025,alluxio,0.3,6
0.7,1640,36,243,106,0.7464788732394366,0.3037249283667622,0.4317718940936864,"ambari,hbase,hector,http-request,okhttp,undertow",2025,alluxio,0.3,6
0.75,1649,27,247,102,0.7906976744186046,0.2922636103151863,0.42677824267782427,"ambari,hbase,hector,http-request,okhttp,undertow",2025,alluxio,0.3,6
0.8,1655,21,255,94,0.8173913043478261,0.2693409742120344,0.4051724137931035,"ambari,hbase,hector,http-request,okhttp,undertow",2025,alluxio,0.3,6
0.85,1661,15,259,90,0.8571428571428571,0.25787965616045844,0.3964757709251101,"ambari,hbase,hector,http-request,okhttp,undertow",2025,alluxio,0.3,6
0.9,1671,5,284,65,0.9285714285714286,0.18624641833810887,0.3102625298329355,"ambari,hbase,hector,http-request,okhttp,undertow",2025,alluxio,0.3,6
0.3,1367,459,37,185,0.28726708074534163,0.8333333333333334,0.42725173210161665,"commons-exec,elastic-job-lite,hbase,hector,http-request,httpcore",2048,handlebars.java,0.3,6
0.35,1370,456,38,184,0.2875,0.8288288288288288,0.4269141531322505,"commons-exec,elastic-job-lite,hbase,hector,http-request,httpcore",2048,handlebars.java,0.3,6
0.4,1374,452,45,177,0.28139904610492844,0.7972972972972973,0.41598119858989424,"commons-exec,elastic-job-lite,hbase,hector,http-request,httpcore",2048,handlebars.java,0.3,6
0.45,1376,450,53,169,0.2730210016155089,0.7612612612612613,0.40190249702734837,"commons-exec,elastic-job-lite,hbase,hector,http-request,httpcore",2048,handlebars.java,0.3,6
0.5,1377,449,54,168,0.27228525121555913,0.7567567567567568,0.400476758045292,"commons-exec,elastic-job-lite,hbase,hector,http-request,httpcore",2048,handlebars.java,0.3,6
0.55,1379,447,61,161,0.26480263157894735,0.7252252252252253,0.38795180722891565,"commons-exec,elastic-job-lite,hbase,hector,http-request,httpcore",2048,handlebars.java,0.3,6
0.6,1382,444,71,151,0.253781512605042,0.6801801801801802,0.36964504283965727,"commons-exec,elastic-job-lite,hbase,hector,http-request,httpcore",2048,handlebars.java,0.3,6
0.65,1392,434,83,139,0.2425828970331588,0.6261261261261262,0.34968553459119495,"commons-exec,elastic-job-lite,hbase,hector,http-request,httpcore",2048,handlebars.java,0.3,6
0.7,1395,431,91,131,0.23309608540925267,0.5900900900900901,0.33418367346938777,"commons-exec,elastic-job-lite,hbase,hector,http-request,httpcore",2048,handlebars.java,0.3,6
0.75,1417,409,110,112,0.21497120921305182,0.5045045045045045,0.30148048452220727,"commons-exec,elastic-job-lite,hbase,hector,http-request,httpcore",2048,handlebars.java,0.3,6
0.8,1428,398,144,78,0.1638655462184874,0.35135135135135137,0.22349570200573066,"commons-exec,elastic-job-lite,hbase,hector,http-request,httpcore",2048,handlebars.java,0.3,6
0.85,1434,392,158,64,0.14035087719298245,0.2882882882882883,0.1887905604719764,"commons-exec,elastic-job-lite,hbase,hector,http-request,httpcore",2048,handlebars.java,0.3,6
0.9,1444,382,175,47,0.10955710955710955,0.21171171171171171,0.1443932411674347,"commons-exec,elastic-job-lite,hbase,hector,http-request,httpcore",2048,handlebars.java,0.3,6
0.3,1184,437,38,182,0.2940226171243942,0.8272727272727273,0.43384982121573307,"commons-exec,handlebars.java,hbase,hector,http-request,httpcore",1841,elastic-job-lite,0.35,6
0.35,1185,436,38,182,0.29449838187702265,0.8272727272727273,0.43436754176610975,"commons-exec,handlebars.java,hbase,hector,http-request,httpcore",1841,elastic-job-lite,0.35,6
0.4,1186,435,39,181,0.29383116883116883,0.8227272727272728,0.4330143540669857,"commons-exec,handlebars.java,hbase,hector,http-request,httpcore",1841,elastic-job-lite,0.35,6
0.45,1187,434,40,180,0.2931596091205212,0.8181818181818182,0.43165467625899284,"commons-exec,handlebars.java,hbase,hector,http-request,httpcore",1841,elastic-job-lite,0.35,6
0.5,1188,433,51,169,0.2807308970099668,0.7681818181818182,0.41119221411192214,"commons-exec,handlebars.java,hbase,hector,http-request,httpcore",1841,elastic-job-lite,0.35,6
0.55,1188,433,77,143,0.2482638888888889,0.65,0.35929648241206025,"commons-exec,handlebars.java,hbase,hector,http-request,httpcore",1841,elastic-job-lite,0.35,6
0.6,1189,432,101,119,0.2159709618874773,0.5409090909090909,0.30869001297016857,"commons-exec,handlebars.java,hbase,hector,http-request,httpcore",1841,elastic-job-lite,0.35,6
0.65,1190,431,106,114,0.20917431192660552,0.5181818181818182,0.2980392156862745,"commons-exec,handlebars.java,hbase,hector,http-request,httpcore",1841,elastic-job-lite,0.35,6
0.7,1200,421,129,91,0.177734375,0.41363636363636364,0.2486338797814208,"commons-exec,handlebars.java,hbase,hector,http-request,httpcore",1841,elastic-job-lite,0.35,6
0.75,1207,414,133,87,0.17365269461077845,0.39545454545454545,0.24133148404993068,"commons-exec,handlebars.java,hbase,hector,http-request,httpcore",1841,elastic-job-lite,0.35,6
0.8,1229,392,165,55,0.12304250559284116,0.25,0.16491754122938532,"commons-exec,handlebars.java,hbase,hector,http-request,httpcore",1841,elastic-job-lite,0.35,6
0.85,1239,382,174,46,0.10747663551401869,0.20909090909090908,0.14197530864197533,"commons-exec,handlebars.java,hbase,hector,http-request,httpcore",1841,elastic-job-lite,0.35,6
0.9,1258,363,202,18,0.047244094488188976,0.08181818181818182,0.05990016638935108,"commons-exec,handlebars.java,hbase,hector,http-request,httpcore",1841,elastic-job-lite,0.35,6
0.3,1598,433,59,146,0.25215889464594127,0.7121951219512195,0.3724489795918367,"commons-exec,elastic-job-lite,handlebars.java,hbase,hector,httpcore",2236,http-request,0.3,6
0.35,1619,412,69,136,0.24817518248175183,0.6634146341463415,0.3612217795484728,"commons-exec,elastic-job-lite,handlebars.java,hbase,hector,httpcore",2236,http-request,0.3,6
0.4,1634,397,102,103,0.206,0.5024390243902439,0.2921985815602837,"commons-exec,elastic-job-lite,handlebars.java,hbase,hector,httpcore",2236,http-request,0.3,6
0.45,1648,383,109,96,0.20041753653444677,0.4682926829268293,0.28070175438596495,"commons-exec,elastic-job-lite,handlebars.java,hbase,hector,httpcore",2236,http-request,0.3,6
0.5,1652,379,113,92,0.19532908704883228,0.44878048780487806,0.27218934911242604,"commons-exec,elastic-job-lite,handlebars.java,hbase,hector,httpcore",2236,http-request,0.3,6
0.55,1654,377,123,82,0.1786492374727669,0.4,0.2469879518072289,"commons-exec,elastic-job-lite,handlebars.java,hbase,hector,httpcore",2236,http-request,0.3,6
0.6,1661,370,135,70,0.1590909090909091,0.34146341463414637,0.21705426356589147,"commons-exec,elastic-job-lite,handlebars.java,hbase,hector,httpcore",2236,http-request,0.3,6
0.65,1661,370,139,66,0.15137614678899083,0.32195121951219513,0.2059282371294852,"commons-exec,elastic-job-lite,handlebars.java,hbase,hector,httpcore",2236,http-request,0.3,6
0.7,1661,370,152,53,0.12529550827423167,0.25853658536585367,0.16878980891719747,"commons-exec,elastic-job-lite,handlebars.java,hbase,hector,httpcore",2236,http-request,0.3,6
0.75,1664,367,156,49,0.11778846153846154,0.23902439024390243,0.1578099838969404,"commons-exec,elastic-job-lite,handlebars.java,hbase,hector,httpcore",2236,http-request,0.3,6
0.8,1668,363,166,39,0.09701492537313433,0.1902439024390244,0.12850082372322902,"commons-exec,elastic-job-lite,handlebars.java,hbase,hector,httpcore",2236,http-request,0.3,6
0.85,1673,358,175,30,0.07731958762886598,0.14634146341463414,0.10118043844856661,"commons-exec,elastic-job-lite,handlebars.java,hbase,hector,httpcore",2236,http-request,0.3,6
0.9,1697,334,186,19,0.053824362606232294,0.09268292682926829,0.06810035842293906,"commons-exec,elastic-job-lite,handlebars.java,hbase,hector,httpcore",2236,http-request,0.3,6
0.3,10671,38,78,37,0.49333333333333335,0.3217391304347826,0.3894736842105263,"achilles,ambari,assertj-core,httpcore,incubator-dubbo,java-websocket",10824,activiti,0.7,6
0.35,10678,31,80,35,0.5303030303030303,0.30434782608695654,0.3867403314917127,"achilles,ambari,assertj-core,httpcore,incubator-dubbo,java-websocket",10824,activiti,0.7,6
0.4,10682,27,80,35,0.5645161290322581,0.30434782608695654,0.39548022598870064,"achilles,ambari,assertj-core,httpcore,incubator-dubbo,java-websocket",10824,activiti,0.7,6
0.45,10686,23,81,34,0.5964912280701754,0.2956521739130435,0.39534883720930236,"achilles,ambari,assertj-core,httpcore,incubator-dubbo,java-websocket",10824,activiti,0.7,6
0.5,10690,19,81,34,0.6415094339622641,0.2956521739130435,0.4047619047619048,"achilles,ambari,assertj-core,httpcore,incubator-dubbo,java-websocket",10824,activiti,0.7,6
0.55,10691,18,81,34,0.6538461538461539,0.2956521739130435,0.407185628742515,"achilles,ambari,assertj-core,httpcore,incubator-dubbo,java-websocket",10824,activiti,0.7,6
0.6,10693,16,81,34,0.68,0.2956521739130435,0.41212121212121217,"achilles,ambari,assertj-core,httpcore,incubator-dubbo,java-websocket",10824,activiti,0.7,6
0.65,10697,12,82,33,0.7333333333333333,0.28695652173913044,0.4125,"achilles,ambari,assertj-core,httpcore,incubator-dubbo,java-websocket",10824,activiti,0.7,6
0.7,10698,11,82,33,0.75,0.28695652173913044,0.4150943396226415,"achilles,ambari,assertj-core,httpcore,incubator-dubbo,java-websocket",10824,activiti,0.7,6
0.75,10700,9,84,31,0.775,0.26956521739130435,0.39999999999999997,"achilles,ambari,assertj-core,httpcore,incubator-dubbo,java-websocket",10824,activiti,0.7,6
0.8,10701,8,86,29,0.7837837837837838,0.25217391304347825,0.3815789473684211,"achilles,ambari,assertj-core,httpcore,incubator-dubbo,java-websocket",10824,activiti,0.7,6
0.85,10702,7,91,24,0.7741935483870968,0.20869565217391303,0.32876712328767116,"achilles,ambari,assertj-core,httpcore,incubator-dubbo,java-websocket",10824,activiti,0.7,6
0.9,10704,5,91,24,0.8275862068965517,0.20869565217391303,0.3333333333333333,"achilles,ambari,assertj-core,httpcore,incubator-dubbo,java-websocket",10824,activiti,0.7,6
0.3,3271,69,12,53,0.4344262295081967,0.8153846153846154,0.5668449197860962,"commons-exec,elastic-job-lite,handlebars.java,http-request,incubator-dubbo,java-websocket",3405,httpcore,0.75,6
0.35,3292,48,12,53,0.5247524752475248,0.8153846153846154,0.6385542168674698,"commons-exec,elastic-job-lite,handlebars.java,http-request,incubator-dubbo,java-websocket",3405,httpcore,0.75,6
0.4,3305,35,12,53,0.6022727272727273,0.8153846153846154,0.6928104575163399,"commons-exec,elastic-job-lite,handlebars.java,http-request,incubator-dubbo,java-websocket",3405,httpcore,0.75,6
0.45,3305,35,14,51,0.5930232558139535,0.7846153846153846,0.675496688741722,"commons-exec,elastic-job-lite,handlebars.java,http-request,incubator-dubbo,java-websocket",3405,httpcore,0.75,6
0.5,3305,35,16,49,0.5833333333333334,0.7538461538461538,0.6577181208053692,"commons-exec,elastic-job-lite,handlebars.java,http-request,incubator-dubbo,java-websocket",3405,httpcore,0.75,6
0.55,3315,25,17,48,0.6575342465753424,0.7384615384615385,0.6956521739130435,"commons-exec,elastic-job-lite,handlebars.java,http-request,incubator-dubbo,java-websocket",3405,httpcore,0.75,6
0.6,3316,24,17,48,0.6666666666666666,0.7384615384615385,0.7007299270072994,"commons-exec,elastic-job-lite,handlebars.java,http-request,incubator-dubbo,java-websocket",3405,httpcore,0.75,6
0.65,3319,21,17,48,0.6956521739130435,0.7384615384615385,0.7164179104477613,"commons-exec,elastic-job-lite,handlebars.java,http-request,incubator-dubbo,java-websocket",3405,httpcore,0.75,6
0.7,3321,19,17,48,0.7164179104477612,0.7384615384615385,0.7272727272727273,"commons-exec,elastic-job-lite,handlebars.java,http-request,incubator-dubbo,java-websocket",3405,httpcore,0.75,6
0.75,3321,19,17,48,0.7164179104477612,0.7384615384615385,0.7272727272727273,"commons-exec,elastic-job-lite,handlebars.java,http-request,incubator-dubbo,java-websocket",3405,httpcore,0.75,6
0.8,3322,18,19,46,0.71875,0.7076923076923077,0.7131782945736435,"commons-exec,elastic-job-lite,handlebars.java,http-request,incubator-dubbo,java-websocket",3405,httpcore,0.75,6
0.85,3325,15,20,45,0.75,0.6923076923076923,0.7199999999999999,"commons-exec,elastic-job-lite,handlebars.java,http-request,incubator-dubbo,java-websocket",3405,httpcore,0.75,6
0.9,3327,13,33,32,0.7111111111111111,0.49230769230769234,0.5818181818181818,"commons-exec,elastic-job-lite,handlebars.java,http-request,incubator-dubbo,java-websocket",3405,httpcore,0.75,6
0.3,1491,231,134,81,0.25961538461538464,0.3767441860465116,0.30740037950664134,"hbase,hector,logback,ninja,orbit,undertow",1937,okhttp,0.45,6
0.35,1535,187,141,74,0.2835249042145594,0.34418604651162793,0.31092436974789917,"hbase,hector,logback,ninja,orbit,undertow",1937,okhttp,0.45,6
0.4,1574,148,144,71,0.3242009132420091,0.3302325581395349,0.32718894009216587,"hbase,hector,logback,ninja,orbit,undertow",1937,okhttp,0.45,6
0.45,1607,115,144,71,0.3817204301075269,0.3302325581395349,0.35411471321695764,"hbase,hector,logback,ninja,orbit,undertow",1937,okhttp,0.45,6
0.5,1626,96,150,65,0.40372670807453415,0.3023255813953488,0.3457446808510638,"hbase,hector,logback,ninja,orbit,undertow",1937,okhttp,0.45,6
0.55,1641,81,154,61,0.4295774647887324,0.2837209302325581,0.3417366946778711,"hbase,hector,logback,ninja,orbit,undertow",1937,okhttp,0.45,6
0.6,1656,66,157,58,0.46774193548387094,0.26976744186046514,0.3421828908554573,"hbase,hector,logback,ninja,orbit,undertow",1937,okhttp,0.45,6
0.65,1666,56,165,50,0.4716981132075472,0.23255813953488372,0.31152647975077885,"hbase,hector,logback,ninja,orbit,undertow",1937,okhttp,0.45,6
0.7,1677,45,169,46,0.5054945054945055,0.21395348837209302,0.3006535947712418,"hbase,hector,logback,ninja,orbit,undertow",1937,okhttp,0.45,6
0.75,1681,41,180,35,0.4605263157894737,0.16279069767441862,0.24054982817869416,"hbase,hector,logback,ninja,orbit,undertow",1937,okhttp,0.45,6
0.8,1706,16,190,25,0.6097560975609756,0.11627906976744186,0.1953125,"hbase,hector,logback,ninja,orbit,undertow",1937,okhttp,0.45,6
0.85,1710,12,193,22,0.6470588235294118,0.10232558139534884,0.17670682730923692,"hbase,hector,logback,ninja,orbit,undertow",1937,okhttp,0.45,6
0.9,1719,3,201,14,0.8235294117647058,0.06511627906976744,0.1206896551724138,"hbase,hector,logback,ninja,orbit,undertow",1937,okhttp,0.45,6
0.3,11353,53,112,31,0.36904761904761907,0.21678321678321677,0.27312775330396477,"activiti,ambari,assertj-core,httpcore,incubator-dubbo,java-websocket",11549,achilles,0.85,6
0.35,11360,46,112,31,0.4025974025974026,0.21678321678321677,0.2818181818181818,"activiti,ambari,assertj-core,httpcore,incubator-dubbo,java-websocket",11549,achilles,0.85,6
0.4,11366,40,112,31,0.43661971830985913,0.21678321678321677,0.2897196261682243,"activiti,ambari,assertj-core,httpcore,incubator-dubbo,java-websocket",11549,achilles,0.85,6
0.45,11367,39,112,31,0.44285714285714284,0.21678321678321677,0.29107981220657275,"activiti,ambari,assertj-core,httpcore,incubator-dubbo,java-websocket",11549,achilles,0.85,6
0.5,11372,34,113,30,0.46875,0.2097902097902098,0.28985507246376807,"activiti,ambari,assertj-core,httpcore,incubator-dubbo,java-websocket",11549,achilles,0.85,6
0.55,11378,28,113,30,0.5172413793103449,0.2097902097902098,0.2985074626865672,"activiti,ambari,assertj-core,httpcore,incubator-dubbo,java-websocket",11549,achilles,0.85,6
0.6,11386,20,113,30,0.6,0.2097902097902098,0.31088082901554404,"activiti,ambari,assertj-core,httpcore,incubator-dubbo,java-websocket",11549,achilles,0.85,6
0.65,11390,16,113,30,0.6521739130434783,0.2097902097902098,0.31746031746031744,"activiti,ambari,assertj-core,httpcore,incubator-dubbo,java-websocket",11549,achilles,0.85,6
0.7,11392,14,113,30,0.6818181818181818,0.2097902097902098,0.320855614973262,"activiti,ambari,assertj-core,httpcore,incubator-dubbo,java-websocket",11549,achilles,0.85,6
0.75,11395,11,113,30,0.7317073170731707,0.2097902097902098,0.32608695652173914,"activiti,ambari,assertj-core,httpcore,incubator-dubbo,java-websocket",11549,achilles,0.85,6
0.8,11396,10,113,30,0.75,0.2097902097902098,0.32786885245901637,"activiti,ambari,assertj-core,httpcore,incubator-dubbo,java-websocket",11549,achilles,0.85,6
0.85,11399,7,113,30,0.8108108108108109,0.2097902097902098,0.33333333333333337,"activiti,ambari,assertj-core,httpcore,incubator-dubbo,java-websocket",11549,achilles,0.85,6
0.9,11403,3,122,21,0.875,0.14685314685314685,0.25149700598802394,"activiti,ambari,assertj-core,httpcore,incubator-dubbo,java-websocket",11549,achilles,0.85,6
0.3,3867,41,20,44,0.5176470588235295,0.6875,0.5906040268456376,"commons-exec,elastic-job-lite,handlebars.java,http-request,httpcore,incubator-dubbo",3972,java-websocket,0.85,6
0.35,3874,34,21,43,0.5584415584415584,0.671875,0.6099290780141843,"commons-exec,elastic-job-lite,handlebars.java,http-request,httpcore,incubator-dubbo",3972,java-websocket,0.85,6
0.4,3878,30,21,43,0.589041095890411,0.671875,0.6277372262773723,"commons-exec,elastic-job-lite,handlebars.java,http-request,httpcore,incubator-dubbo",3972,java-websocket,0.85,6
0.45,3879,29,21,43,0.5972222222222222,0.671875,0.6323529411764705,"commons-exec,elastic-job-lite,handlebars.java,http-request,httpcore,incubator-dubbo",3972,java-websocket,0.85,6
0.5,3879,29,22,42,0.5915492957746479,0.65625,0.6222222222222222,"commons-exec,elastic-job-lite,handlebars.java,http-request,httpcore,incubator-dubbo",3972,java-websocket,0.85,6
0.55,3883,25,25,39,0.609375,0.609375,0.609375,"commons-exec,elastic-job-lite,handlebars.java,http-request,httpcore,incubator-dubbo",3972,java-websocket,0.85,6
0.6,3883,25,25,39,0.609375,0.609375,0.609375,"commons-exec,elastic-job-lite,handlebars.java,http-request,httpcore,incubator-dubbo",3972,java-websocket,0.85,6
0.65,3884,24,26,38,0.6129032258064516,0.59375,0.6031746031746031,"commons-exec,elastic-job-lite,handlebars.java,http-request,httpcore,incubator-dubbo",3972,java-websocket,0.85,6
0.7,3887,21,26,38,0.6440677966101694,0.59375,0.6178861788617885,"commons-exec,elastic-job-lite,handlebars.java,http-request,httpcore,incubator-dubbo",3972,java-websocket,0.85,6
0.75,3898,10,26,38,0.7916666666666666,0.59375,0.6785714285714286,"commons-exec,elastic-job-lite,handlebars.java,http-request,httpcore,incubator-dubbo",3972,java-websocket,0.85,6
0.8,3898,10,26,38,0.7916666666666666,0.59375,0.6785714285714286,"commons-exec,elastic-job-lite,handlebars.java,http-request,httpcore,incubator-dubbo",3972,java-websocket,0.85,6
0.85,3898,10,26,38,0.7916666666666666,0.59375,0.6785714285714286,"commons-exec,elastic-job-lite,handlebars.java,http-request,httpcore,incubator-dubbo",3972,java-websocket,0.85,6
0.9,3901,7,36,28,0.8,0.4375,0.5656565656565656,"commons-exec,elastic-job-lite,handlebars.java,http-request,httpcore,incubator-dubbo",3972,java-websocket,0.85,6
0.3,10604,223,298,33,0.12890625,0.09969788519637462,0.11243611584327087,"activiti,alluxio,assertj-core,hbase,http-request,incubator-dubbo",11158,ambari,0.3,6
0.35,10623,204,303,28,0.1206896551724138,0.08459214501510574,0.0994671403197158,"activiti,alluxio,assertj-core,hbase,http-request,incubator-dubbo",11158,ambari,0.3,6
0.4,10646,181,307,24,0.11707317073170732,0.07250755287009064,0.08955223880597017,"activiti,alluxio,assertj-core,hbase,http-request,incubator-dubbo",11158,ambari,0.3,6
0.45,10659,168,309,22,0.11578947368421053,0.06646525679758308,0.08445297504798464,"activiti,alluxio,assertj-core,hbase,http-request,incubator-dubbo",11158,ambari,0.3,6
0.5,10674,153,314,17,0.1,0.0513595166163142,0.06786427145708583,"activiti,alluxio,assertj-core,hbase,http-request,incubator-dubbo",11158,ambari,0.3,6
0.55,10683,144,318,13,0.08280254777070063,0.03927492447129909,0.05327868852459017,"activiti,alluxio,assertj-core,hbase,http-request,incubator-dubbo",11158,ambari,0.3,6
0.6,10697,130,319,12,0.08450704225352113,0.03625377643504532,0.05073995771670191,"activiti,alluxio,assertj-core,hbase,http-request,incubator-dubbo",11158,ambari,0.3,6
0.65,10708,119,321,10,0.07751937984496124,0.030211480362537766,0.04347826086956522,"activiti,alluxio,assertj-core,hbase,http-request,incubator-dubbo",11158,ambari,0.3,6
0.7,10721,106,323,8,0.07017543859649122,0.02416918429003021,0.035955056179775284,"activiti,alluxio,assertj-core,hbase,http-request,incubator-dubbo",11158,ambari,0.3,6
0.75,10735,92,324,7,0.0707070707070707,0.021148036253776436,0.03255813953488372,"activiti,alluxio,assertj-core,hbase,http-request,incubator-dubbo",11158,ambari,0.3,6
0.8,10751,76,326,5,0.06172839506172839,0.015105740181268883,0.024271844660194174,"activiti,alluxio,assertj-core,hbase,http-request,incubator-dubbo",11158,ambari,0.3,6
0.85,10769,58,330,1,0.01694915254237288,0.0030211480362537764,0.005128205128205128,"activiti,alluxio,assertj-core,hbase,http-request,incubator-dubbo",11158,ambari,0.3,6
0.9,10783,44,330,1,0.022222222222222223,0.0030211480362537764,0.005319148936170213,"activiti,alluxio,assertj-core,hbase,http-request,incubator-dubbo",11158,ambari,0.3,6
0.3,4041,131,154,66,0.3350253807106599,0.3,0.3165467625899281,"ninja,okhttp,orbit,spring-boot,undertow,wildfly",4392,logback,0.3,6
0.35,4064,108,160,60,0.35714285714285715,0.2727272727272727,0.3092783505154639,"ninja,okhttp,orbit,spring-boot,undertow,wildfly",4392,logback,0.3,6
0.4,4079,93,168,52,0.3586206896551724,0.23636363636363636,0.28493150684931506,"ninja,okhttp,orbit,spring-boot,undertow,wildfly",4392,logback,0.3,6
0.45,4089,83,176,44,0.3464566929133858,0.2,0.25360230547550433,"ninja,okhttp,orbit,spring-boot,undertow,wildfly",4392,logback,0.3,6
0.5,4102,70,187,33,0.32038834951456313,0.15,0.20433436532507743,"ninja,okhttp,orbit,spring-boot,undertow,wildfly",4392,logback,0.3,6
0.55,4122,50,195,25,0.3333333333333333,0.11363636363636363,0.16949152542372878,"ninja,okhttp,orbit,spring-boot,undertow,wildfly",4392,logback,0.3,6
0.6,4132,40,198,22,0.3548387096774194,0.1,0.15602836879432624,"ninja,okhttp,orbit,spring-boot,undertow,wildfly",4392,logback,0.3,6
0.65,4147,25,207,13,0.34210526315789475,0.05909090909090909,0.10077519379844961,"ninja,okhttp,orbit,spring-boot,undertow,wildfly",4392,logback,0.3,6
0.7,4152,20,211,9,0.3103448275862069,0.04090909090909091,0.07228915662650602,"ninja,okhttp,orbit,spring-boot,undertow,wildfly",4392,logback,0.3,6
0.75,4159,13,212,8,0.38095238095238093,0.03636363636363636,0.06639004149377592,"ninja,okhttp,orbit,spring-boot,undertow,wildfly",4392,logback,0.3,6
0.8,4162,10,214,6,0.375,0.02727272727272727,0.05084745762711864,"ninja,okhttp,orbit,spring-boot,undertow,wildfly",4392,logback,0.3,6
0.85,4165,7,214,6,0.46153846153846156,0.02727272727272727,0.05150214592274678,"ninja,okhttp,orbit,spring-boot,undertow,wildfly",4392,logback,0.3,6
0.9,4167,5,216,4,0.4444444444444444,0.01818181818181818,0.034934497816593885,"ninja,okhttp,orbit,spring-boot,undertow,wildfly",4392,logback,0.3,6
0.3,2847,171,111,49,0.22272727272727272,0.30625,0.25789473684210523,"logback,ninja,okhttp,orbit,undertow,wildfly",3178,spring-boot,0.5,6
0.35,2876,142,114,46,0.24468085106382978,0.2875,0.26436781609195403,"logback,ninja,okhttp,orbit,undertow,wildfly",3178,spring-boot,0.5,6
0.4,2909,109,118,42,0.2781456953642384,0.2625,0.270096463022508,"logback,ninja,okhttp,orbit,undertow,wildfly",3178,spring-boot,0.5,6
0.45,2929,89,120,40,0.31007751937984496,0.25,0.2768166089965398,"logback,ninja,okhttp,orbit,undertow,wildfly",3178,spring-boot,0.5,6
0.5,2959,59,123,37,0.3854166666666667,0.23125,0.28906250000000006,"logback,ninja,okhttp,orbit,undertow,wildfly",3178,spring-boot,0.5,6
0.55,2977,41,129,31,0.4305555555555556,0.19375,0.26724137931034486,"logback,ninja,okhttp,orbit,undertow,wildfly",3178,spring-boot,0.5,6
0.6,2984,34,137,23,0.40350877192982454,0.14375,0.2119815668202765,"logback,ninja,okhttp,orbit,undertow,wildfly",3178,spring-boot,0.5,6
0.65,2992,26,143,17,0.3953488372093023,0.10625,0.16748768472906403,"logback,ninja,okhttp,orbit,undertow,wildfly",3178,spring-boot,0.5,6
0.7,3000,18,143,17,0.4857142857142857,0.10625,0.17435897435897435,"logback,ninja,okhttp,orbit,undertow,wildfly",3178,spring-boot,0.5,6
0.75,3003,15,143,17,0.53125,0.10625,0.17708333333333334,"logback,ninja,okhttp,orbit,undertow,wildfly",3178,spring-boot,0.5,6
0.8,3008,10,145,15,0.6,0.09375,0.16216216216216214,"logback,ninja,okhttp,orbit,undertow,wildfly",3178,spring-boot,0.5,6
0.85,3012,6,148,12,0.6666666666666666,0.075,0.1348314606741573,"logback,ninja,okhttp,orbit,undertow,wildfly",3178,spring-boot,0.5,6
0.9,3014,4,152,8,0.6666666666666666,0.05,0.09302325581395349,"logback,ninja,okhttp,orbit,undertow,wildfly",3178,spring-boot,0.5,6
0.3,4437,210,136,105,0.3333333333333333,0.43568464730290457,0.3776978417266187,"logback,okhttp,orbit,spring-boot,undertow,wildfly",4888,ninja,0.35,6
0.35,4472,175,140,101,0.36594202898550726,0.4190871369294606,0.390715667311412,"logback,okhttp,orbit,spring-boot,undertow,wildfly",4888,ninja,0.35,6
0.4,4491,156,147,94,0.376,0.3900414937759336,0.38289205702647655,"logback,okhttp,orbit,spring-boot,undertow,wildfly",4888,ninja,0.35,6
0.45,4516,131,153,88,0.4018264840182648,0.3651452282157676,0.38260869565217387,"logback,okhttp,orbit,spring-boot,undertow,wildfly",4888,ninja,0.35,6
0.5,4541,106,160,81,0.43315508021390375,0.3360995850622407,0.37850467289719625,"logback,okhttp,orbit,spring-boot,undertow,wildfly",4888,ninja,0.35,6
0.55,4556,91,170,71,0.4382716049382716,0.2946058091286307,0.35235732009925563,"logback,okhttp,orbit,spring-boot,undertow,wildfly",4888,ninja,0.35,6
0.6,4581,66,173,68,0.5074626865671642,0.2821576763485477,0.36266666666666664,"logback,okhttp,orbit,spring-boot,undertow,wildfly",4888,ninja,0.35,6
0.65,4594,53,179,62,0.5391304347826087,0.2572614107883817,0.348314606741573,"logback,okhttp,orbit,spring-boot,undertow,wildfly",4888,ninja,0.35,6
0.7,4605,42,195,46,0.5227272727272727,0.1908713692946058,0.2796352583586626,"logback,okhttp,orbit,spring-boot,undertow,wildfly",4888,ninja,0.35,6
0.75,4613,34,206,35,0.5072463768115942,0.14522821576763487,0.22580645161290325,"logback,okhttp,orbit,spring-boot,undertow,wildfly",4888,ninja,0.35,6
0.8,4621,26,212,29,0.5272727272727272,0.12033195020746888,0.19594594594594592,"logback,okhttp,orbit,spring-boot,undertow,wildfly",4888,ninja,0.35,6
0.85,4628,19,217,24,0.5581395348837209,0.0995850622406639,0.16901408450704225,"logback,okhttp,orbit,spring-boot,undertow,wildfly",4888,ninja,0.35,6
0.9,4633,14,221,20,0.5882352941176471,0.08298755186721991,0.14545454545454545,"logback,okhttp,orbit,spring-boot,undertow,wildfly",4888,ninja,0.35,6
0.3,5358,2617,32,19,0.007207890743550834,0.37254901960784315,0.014142165984369185,"assertj-core,commons-exec,elastic-job-lite,handlebars.java,httpcore,java-websocket",8026,incubator-dubbo,0.9,6
0.35,5358,2617,33,18,0.00683111954459203,0.35294117647058826,0.01340282948622487,"assertj-core,commons-exec,elastic-job-lite,handlebars.java,httpcore,java-websocket",8026,incubator-dubbo,0.9,6
0.4,5361,2614,33,18,0.006838905775075988,0.35294117647058826,0.013417815877748788,"assertj-core,commons-exec,elastic-job-lite,handlebars.java,httpcore,java-websocket",8026,incubator-dubbo,0.9,6
0.45,5871,2104,33,18,0.008482563619227144,0.35294117647058826,0.01656695812241141,"assertj-core,commons-exec,elastic-job-lite,handlebars.java,httpcore,java-websocket",8026,incubator-dubbo,0.9,6
0.5,5871,2104,34,17,0.008015087223008015,0.3333333333333333,0.015653775322283608,"assertj-core,commons-exec,elastic-job-lite,handlebars.java,httpcore,java-websocket",8026,incubator-dubbo,0.9,6
0.55,5884,2091,34,17,0.008064516129032258,0.3333333333333333,0.015748031496062992,"assertj-core,commons-exec,elastic-job-lite,handlebars.java,httpcore,java-websocket",8026,incubator-dubbo,0.9,6
0.6,5884,2091,34,17,0.008064516129032258,0.3333333333333333,0.015748031496062992,"assertj-core,commons-exec,elastic-job-lite,handlebars.java,httpcore,java-websocket",8026,incubator-dubbo,0.9,6
0.65,5885,2090,34,17,0.008068343616516375,0.3333333333333333,0.01575532900834106,"assertj-core,commons-exec,elastic-job-lite,handlebars.java,httpcore,java-websocket",8026,incubator-dubbo,0.9,6
0.7,5885,2090,34,17,0.008068343616516375,0.3333333333333333,0.01575532900834106,"assertj-core,commons-exec,elastic-job-lite,handlebars.java,httpcore,java-websocket",8026,incubator-dubbo,0.9,6
0.75,5885,2090,34,17,0.008068343616516375,0.3333333333333333,0.01575532900834106,"assertj-core,commons-exec,elastic-job-lite,handlebars.java,httpcore,java-websocket",8026,incubator-dubbo,0.9,6
0.8,7452,523,35,16,0.029684601113172542,0.3137254901960784,0.05423728813559322,"assertj-core,commons-exec,elastic-job-lite,handlebars.java,httpcore,java-websocket",8026,incubator-dubbo,0.9,6
0.85,7728,247,36,15,0.05725190839694656,0.29411764705882354,0.09584664536741214,"assertj-core,commons-exec,elastic-job-lite,handlebars.java,httpcore,java-websocket",8026,incubator-dubbo,0.9,6
0.9,7739,236,36,15,0.05976095617529881,0.29411764705882354,0.09933774834437087,"assertj-core,commons-exec,elastic-job-lite,handlebars.java,httpcore,java-websocket",8026,incubator-dubbo,0.9,6
0.3,4666,208,134,101,0.3268608414239482,0.4297872340425532,0.3713235294117647,"logback,ninja,okhttp,spring-boot,undertow,wildfly",5109,orbit,0.5,6
0.35,4697,177,138,97,0.354014598540146,0.4127659574468085,0.38113948919449897,"logback,ninja,okhttp,spring-boot,undertow,wildfly",5109,orbit,0.5,6
0.4,4733,141,144,91,0.3922413793103448,0.3872340425531915,0.38972162740899363,"logback,ninja,okhttp,spring-boot,undertow,wildfly",5109,orbit,0.5,6
0.45,4753,121,150,85,0.41262135922330095,0.3617021276595745,0.3854875283446712,"logback,ninja,okhttp,spring-boot,undertow,wildfly",5109,orbit,0.5,6
0.5,4775,99,153,82,0.4530386740331492,0.34893617021276596,0.3942307692307692,"logback,ninja,okhttp,spring-boot,undertow,wildfly",5109,orbit,0.5,6
0.55,4784,90,158,77,0.46107784431137727,0.3276595744680851,0.3830845771144279,"logback,ninja,okhttp,spring-boot,undertow,wildfly",5109,orbit,0.5,6
0.6,4800,74,164,71,0.4896551724137931,0.3021276595744681,0.37368421052631573,"logback,ninja,okhttp,spring-boot,undertow,wildfly",5109,orbit,0.5,6
0.65,4810,64,184,51,0.4434782608695652,0.2170212765957447,0.2914285714285714,"logback,ninja,okhttp,spring-boot,undertow,wildfly",5109,orbit,0.5,6
0.7,4825,49,202,33,0.4024390243902439,0.14042553191489363,0.20820189274447953,"logback,ninja,okhttp,spring-boot,undertow,wildfly",5109,orbit,0.5,6
0.75,4833,41,211,24,0.36923076923076925,0.10212765957446808,0.16,"logback,ninja,okhttp,spring-boot,undertow,wildfly",5109,orbit,0.5,6
0.8,4851,23,216,19,0.4523809523809524,0.08085106382978724,0.13718411552346574,"logback,ninja,okhttp,spring-boot,undertow,wildfly",5109,orbit,0.5,6
0.85,4861,13,220,15,0.5357142857142857,0.06382978723404255,0.11406844106463879,"logback,ninja,okhttp,spring-boot,undertow,wildfly",5109,orbit,0.5,6
0.9,4864,10,224,11,0.5238095238095238,0.04680851063829787,0.0859375,"logback,ninja,okhttp,spring-boot,undertow,wildfly",5109,orbit,0.5,6
0.3,4388,42,85,51,0.5483870967741935,0.375,0.44541484716157204,"logback,orbit,spring-boot,undertow,wro4j,zxing",4566,wildfly,0.8,6
0.35,4394,36,86,50,0.5813953488372093,0.36764705882352944,0.4504504504504505,"logback,orbit,spring-boot,undertow,wro4j,zxing",4566,wildfly,0.8,6
0.4,4398,32,87,49,0.6049382716049383,0.3602941176470588,0.45161290322580644,"logback,orbit,spring-boot,undertow,wro4j,zxing",4566,wildfly,0.8,6
0.45,4400,30,88,48,0.6153846153846154,0.35294117647058826,0.4485981308411215,"logback,orbit,spring-boot,undertow,wro4j,zxing",4566,wildfly,0.8,6
0.5,4402,28,90,46,0.6216216216216216,0.3382352941176471,0.4380952380952381,"logback,orbit,spring-boot,undertow,wro4j,zxing",4566,wildfly,0.8,6
0.55,4403,27,90,46,0.6301369863013698,0.3382352941176471,0.4401913875598086,"logback,orbit,spring-boot,undertow,wro4j,zxing",4566,wildfly,0.8,6
0.6,4407,23,90,46,0.6666666666666666,0.3382352941176471,0.44878048780487806,"logback,orbit,spring-boot,undertow,wro4j,zxing",4566,wildfly,0.8,6
0.65,4410,20,92,44,0.6875,0.3235294117647059,0.44000000000000006,"logback,orbit,spring-boot,undertow,wro4j,zxing",4566,wildfly,0.8,6
0.7,4413,17,93,43,0.7166666666666667,0.3161764705882353,0.4387755102040817,"logback,orbit,spring-boot,undertow,wro4j,zxing",4566,wildfly,0.8,6
0.75,4417,13,93,43,0.7678571428571429,0.3161764705882353,0.44791666666666663,"logback,orbit,spring-boot,undertow,wro4j,zxing",4566,wildfly,0.8,6
0.8,4425,5,93,43,0.8958333333333334,0.3161764705882353,0.46739130434782616,"logback,orbit,spring-boot,undertow,wro4j,zxing",4566,wildfly,0.8,6
0.85,4426,4,94,42,0.9130434782608695,0.3088235294117647,0.46153846153846156,"logback,orbit,spring-boot,undertow,wro4j,zxing",4566,wildfly,0.8,6
0.9,4426,4,95,41,0.9111111111111111,0.3014705882352941,0.4530386740331491,"logback,orbit,spring-boot,undertow,wro4j,zxing",4566,wildfly,0.8,6
0.3,4140,142,98,45,0.24064171122994651,0.3146853146853147,0.27272727272727276,"logback,orbit,spring-boot,undertow,wildfly,zxing",4425,wro4j,0.55,6
0.35,4192,90,99,44,0.3283582089552239,0.3076923076923077,0.31768953068592054,"logback,orbit,spring-boot,undertow,wildfly,zxing",4425,wro4j,0.55,6
0.4,4223,59,102,41,0.41,0.2867132867132867,0.3374485596707819,"logback,orbit,spring-boot,undertow,wildfly,zxing",4425,wro4j,0.55,6
0.45,4241,41,103,40,0.49382716049382713,0.27972027972027974,0.3571428571428571,"logback,orbit,spring-boot,undertow,wildfly,zxing",4425,wro4j,0.55,6
0.5,4256,26,105,38,0.59375,0.26573426573426573,0.3671497584541063,"logback,orbit,spring-boot,undertow,wildfly,zxing",4425,wro4j,0.55,6
0.55,4261,21,105,38,0.6440677966101694,0.26573426573426573,0.37623762376237624,"logback,orbit,spring-boot,undertow,wildfly,zxing",4425,wro4j,0.55,6
0.6,4263,19,108,35,0.6481481481481481,0.24475524475524477,0.35532994923857864,"logback,orbit,spring-boot,undertow,wildfly,zxing",4425,wro4j,0.55,6
0.65,4268,14,108,35,0.7142857142857143,0.24475524475524477,0.36458333333333337,"logback,orbit,spring-boot,undertow,wildfly,zxing",4425,wro4j,0.55,6
0.7,4269,13,109,34,0.723404255319149,0.23776223776223776,0.3578947368421052,"logback,orbit,spring-boot,undertow,wildfly,zxing",4425,wro4j,0.55,6
0.75,4273,9,109,34,0.7906976744186046,0.23776223776223776,0.3655913978494623,"logback,orbit,spring-boot,undertow,wildfly,zxing",4425,wro4j,0.55,6
0.8,4275,7,109,34,0.8292682926829268,0.23776223776223776,0.3695652173913043,"logback,orbit,spring-boot,undertow,wildfly,zxing",4425,wro4j,0.55,6
0.85,4275,7,109,34,0.8292682926829268,0.23776223776223776,0.3695652173913043,"logback,orbit,spring-boot,undertow,wildfly,zxing",4425,wro4j,0.55,6
0.9,4276,6,109,34,0.85,0.23776223776223776,0.3715846994535519,"logback,orbit,spring-boot,undertow,wildfly,zxing",4425,wro4j,0.55,6
0.3,3753,315,215,90,0.2222222222222222,0.29508196721311475,0.2535211267605634,"hbase,hector,logback,okhttp,spring-boot,wildfly",4373,undertow,0.75,6
0.35,3810,258,220,85,0.2478134110787172,0.2786885245901639,0.2623456790123457,"hbase,hector,logback,okhttp,spring-boot,wildfly",4373,undertow,0.75,6
0.4,3857,211,226,79,0.27241379310344827,0.25901639344262295,0.26554621848739496,"hbase,hector,logback,okhttp,spring-boot,wildfly",4373,undertow,0.75,6
0.45,3883,185,233,72,0.2801556420233463,0.2360655737704918,0.25622775800711745,"hbase,hector,logback,okhttp,spring-boot,wildfly",4373,undertow,0.75,6
0.5,3912,156,237,68,0.30357142857142855,0.22295081967213115,0.2570888468809074,"hbase,hector,logback,okhttp,spring-boot,wildfly",4373,undertow,0.75,6
0.55,3935,133,239,66,0.3316582914572864,0.21639344262295082,0.2619047619047619,"hbase,hector,logback,okhttp,spring-boot,wildfly",4373,undertow,0.75,6
0.6,3959,109,243,62,0.36257309941520466,0.20327868852459016,0.26050420168067223,"hbase,hector,logback,okhttp,spring-boot,wildfly",4373,undertow,0.75,6
0.65,3983,85,245,60,0.41379310344827586,0.19672131147540983,0.26666666666666666,"hbase,hector,logback,okhttp,spring-boot,wildfly",4373,undertow,0.75,6
0.7,3995,73,245,60,0.45112781954887216,0.19672131147540983,0.273972602739726,"hbase,hector,logback,okhttp,spring-boot,wildfly",4373,undertow,0.75,6
0.75,4007,61,246,59,0.49166666666666664,0.19344262295081968,0.2776470588235294,"hbase,hector,logback,okhttp,spring-boot,wildfly",4373,undertow,0.75,6
0.8,4018,50,248,57,0.5327102803738317,0.18688524590163935,0.2766990291262136,"hbase,hector,logback,okhttp,spring-boot,wildfly",4373,undertow,0.75,6
0.85,4030,38,256,49,0.5632183908045977,0.16065573770491803,0.25,"hbase,hector,logback,okhttp,spring-boot,wildfly",4373,undertow,0.75,6
0.9,4046,22,277,28,0.56,0.09180327868852459,0.15774647887323945,"hbase,hector,logback,okhttp,spring-boot,wildfly",4373,undertow,0.75,6
0.3,4993,64,99,58,0.47540983606557374,0.36942675159235666,0.4157706093189964,"logback,orbit,spring-boot,undertow,wildfly,wro4j",5214,zxing,0.7,6
0.35,4997,60,100,57,0.48717948717948717,0.3630573248407643,0.41605839416058393,"logback,orbit,spring-boot,undertow,wildfly,wro4j",5214,zxing,0.7,6
0.4,5004,53,103,54,0.5046728971962616,0.34394904458598724,0.40909090909090906,"logback,orbit,spring-boot,undertow,wildfly,wro4j",5214,zxing,0.7,6
0.45,5007,50,103,54,0.5192307692307693,0.34394904458598724,0.4137931034482758,"logback,orbit,spring-boot,undertow,wildfly,wro4j",5214,zxing,0.7,6
0.5,5013,44,104,53,0.5463917525773195,0.3375796178343949,0.4173228346456692,"logback,orbit,spring-boot,undertow,wildfly,wro4j",5214,zxing,0.7,6
0.55,5018,39,104,53,0.5760869565217391,0.3375796178343949,0.4257028112449799,"logback,orbit,spring-boot,undertow,wildfly,wro4j",5214,zxing,0.7,6
0.6,5024,33,104,53,0.6162790697674418,0.3375796178343949,0.43621399176954734,"logback,orbit,spring-boot,undertow,wildfly,wro4j",5214,zxing,0.7,6
0.65,5034,23,105,52,0.6933333333333334,0.33121019108280253,0.4482758620689655,"logback,orbit,spring-boot,undertow,wildfly,wro4j",5214,zxing,0.7,6
0.7,5040,17,105,52,0.7536231884057971,0.33121019108280253,0.4601769911504425,"logback,orbit,spring-boot,undertow,wildfly,wro4j",5214,zxing,0.7,6
0.75,5042,15,106,51,0.7727272727272727,0.3248407643312102,0.45739910313901344,"logback,orbit,spring-boot,undertow,wildfly,wro4j",5214,zxing,0.7,6
0.8,5046,11,112,45,0.8035714285714286,0.28662420382165604,0.4225352112676056,"logback,orbit,spring-boot,undertow,wildfly,wro4j",5214,zxing,0.7,6
0.85,5047,10,114,43,0.8113207547169812,0.27388535031847133,0.40952380952380957,"logback,orbit,spring-boot,undertow,wildfly,wro4j",5214,zxing,0.7,6
0.9,5047,10,118,39,0.7959183673469388,0.2484076433121019,0.3786407766990292,"logback,orbit,spring-boot,undertow,wildfly,wro4j",5214,zxing,0.7,6
